datetime,new_lunch,lunch_rice,lunch_soup,lunch_main,lunch_number
2016-02-01,N,밥,오징어찌개,쇠불고기,1039.0
2016-02-02,N,밥,김치찌개,가자미튀김,867.0
2016-02-03,N,카레덮밥,팽이장국,치킨핑거,1017.0
2016-02-04,N,밥,쇠고기무국,주꾸미볶음,978.0
2016-02-05,N,밥,떡국,돈육씨앗강정,925.0
2016-02-11,N,밥,시래기국,훈제오리구이,1045.0
2016-02-12,N,밥,꽃게탕,돈육굴소스볶음,909.0
2016-02-15,N,밥,시금치국,닭감자조림,1268.0
2016-02-16,N,밥,쇠고기무국,탕수어,1014.0
2016-02-17,N,밥,냉이된장국,쇠고기장조림,916.0
2016-02-18,N,낙지비빔밥,유부장국,고구마치즈구이,910.0
2016-02-19,N,밥,대구찌개,마늘간장치킨,763.0
2016-02-22,N,밥,쇠고기느타리국,갈치구이,1298.0
2016-02-23,N,밥,콩나물국,돈육간장볶음,899.0
2016-02-24,N,비빔밥,팽이장국,소세지피망볶음,1022.0
2016-02-25,N,밥,북어계란국,닭갈비,917.0
2016-02-26,N,밥,수제비국,오징어볶음,766.0
2016-02-29,N,밥,얼갈이된장국,제육볶음,869.0
2016-03-02,N,밥,쇠고기미역국,주꾸미볶음,1127.0
2016-03-03,N,밥,근대된장국,탕수육,1000.0
2016-03-04,N,밥,부대찌개,가자미튀김,837.0
2016-03-07,N,밥,콩나물국,닭갈비,1326.0
2016-03-08,N,밥,차돌박이찌개,고등어김치말이,1026.0
2016-03-09,N,밥,북어국,돈육장조림,901.0
2016-03-10,N,밥,고추장찌개,닭데리야끼조림,847.0
2016-03-11,N,밥,배추된장국,수제돈가스,728.0
2016-03-14,N,밥,어묵국,돈육고추장볶음,1286.0
2016-03-15,N,밥,쑥국,소불고기,958.0
2016-03-16,N,곤드레밥,콩나물김치국,미니채소떡갈비,998.0
2016-03-17,N,밥,사골우거지국,탕수어,832.0
2016-03-18,N,밥,시금치국,훈제오리구이,757.0
2016-03-21,N,밥,꽃게탕,버섯불고기,1030.0
2016-03-22,N,밥,쇠고기샤브국,코다리강정,917.0
2016-03-23,N,콩나물밥*달래장,맑은국,치킨텐더*요거트D,963.0
2016-03-24,N,밥,북어계란국,쇠고기장조림,876.0
2016-03-25,N,밥,닭개장,자반고등어구이,861.0
2016-03-28,N,밥,얼갈이된장국,닭갈비,1193.0
2016-03-29,N,밥,옹심이만두국,주꾸미볶음,892.0
2016-03-30,N,봄새싹비빔밥,쪽파국,오징어튀김,1033.0
2016-03-31,N,밥,매운콩나물국,돈육굴소스볶음,781.0
2016-04-01,N,밥,버섯들깨탕,갈치조림,661.0
2016-04-04,N,밥,순두부찌개,쇠불고기,1237.0
2016-04-05,N,밥,북어국,오징어볶음*소면,840.0
2016-04-06,N,밥,올갱이아욱국,제육볶음,876.0
2016-04-07,N,밥,어묵국,매운돼지갈비찜,853.0
2016-04-08,N,밥,배추된장국,순살양념치킨,764.0
2016-04-11,N,밥,시래기국,훈제오리구이,1225.0
2016-04-12,N,밥,부대찌개,쇠고기단호박조림,771.0
2016-04-14,N,밥,수제비국,돈육굴소스볶음,969.0
2016-04-15,N,밥,냉이된장찌개,닭데리야끼조림,579.0
2016-04-18,N,밥,배추된장국,돈육강정,1120.0
2016-04-19,N,밥,육개장,꽁치한마리구이,980.0
2016-04-20,N,콩나물밥,근대된장국,매콤떡갈비조림,849.0
2016-04-21,N,밥,대구매운탕,쇠고기볶음,940.0
2016-04-22,N,밥,북어국,등갈비김치찜,698.0
2016-04-25,N,밥,콩나물국,돈간장불고기,1227.0
2016-04-26,N,밥,쇠고기무국,주꾸미볶음,795.0
2016-04-27,N,나물비빔밥,미소장국,궁중떡찜,1028.0
2016-04-28,N,밥,미역국,양념파닭,811.0
2016-04-29,N,밥,돈육김치찌개,미트볼조림,652.0
2016-05-02,N,밥,시금치국,닭갈비,1242.0
2016-05-03,N,곤드레밥,무채국,모둠장조림,964.0
2016-05-04,N,밥,쇠고기샤브국,오징어볶음,723.0
2016-05-09,N,밥,매운어묵국,훈제오리구이,1216.0
2016-05-10,N,밥,콩나물국,버섯불고기,1008.0
2016-05-11,N,단호박영양밥,시래기된장국,돈육칠리강정,915.0
2016-05-12,N,밥,오징어국,찜닭,753.0
2016-05-13,N,밥,된장찌개,매운돼지갈비찜,761.0
2016-05-16,N,밥,감자고추장찌개,돈육굴소스볶음,1180.0
2016-05-17,N,밥,들깨버섯탕,고등어김치말이,899.0
2016-05-18,N,산채비빔밥,미소장국,치킨핑거,856.0
2016-05-19,N,밥,열무된장국,미니채소떡갈비,898.0
2016-05-20,N,밥,순두부찌개,닭오븐구이,653.0
2016-05-23,N,밥,북어콩나물국,쇠고기불고기,1160.0
2016-05-24,N,밥,한방갈비탕,꼬지삼색전,1107.0
2016-05-25,N,낙지볶음밥,미역장국,탕수어,938.0
2016-05-26,N,밥,쇠고기해장국,갈치구이,783.0
2016-05-27,N,밥,배추된장국,닭양념조림,660.0
2016-05-30,N,밥,콩나물김치국,누룽지탕수육,1231.0
2016-05-31,N,밥,근대된장국,닭갈비,921.0
2016-06-01,N,열무비빔밥,강된장찌개,오징어튀김,916.0
2016-06-02,N,밥,오이미역냉국,모둠장조림,850.0
2016-06-03,N,밥,차돌박이찌개,찜닭,721.0
2016-06-07,N,밥,북어계란국,돈육굴소스볶음,1244.0
2016-06-08,N,밥,참치김치찌개,순살깐풍기,931.0
2016-06-09,N,밥,매운콩나물국,돼지갈비찜,829.0
2016-06-10,N,밥,된장찌개,오징어볶음,697.0
2016-06-13,N,밥,북어콩나물국,제육볶음,1243.0
2016-06-14,N,밥,배추된장국,닭양념조림,973.0
2016-06-15,N,카레덮밥,맑은국,떡갈비조림,984.0
2016-06-16,N,밥,부대찌개,가자미양념찜,800.0
2016-06-17,N,밥,꽃게탕,돈육강정,694.0
2016-06-20,N,밥,어묵국,레몬탕수육,1146.0
2016-06-21,N,밥,대구찌개,간장치킨,1091.0
2016-06-22,N,밥,시래기국,돈삼겹보쌈,1022.0
2016-06-23,N,밥,쇠고기무국,매콤낙지볶음,877.0
2016-06-24,N,밥,도토리묵냉국,목살데리야끼구이,805.0
2016-06-27,N,밥,배추된장국,훈제오리구이,1142.0
2016-06-28,N,밥,육개장,고등어구이,917.0
2016-06-29,N,밥,콩나물국,간장돼지갈비찜,820.0
2016-06-30,N,밥,버섯들깨찌개,닭오븐구이,886.0
2016-07-01,N,밥,수제비국,유자청제육볶음,879.0
2016-07-04,N,밥,감자고추장찌개,버섯불고기,1292.0
2016-07-05,N,밥,쇠고기미역국,꽁치김치말이찜,952.0
2016-07-06,N,곤드레밥,가쯔오장국,닭강정,939.0
2016-07-07,N,밥,된장찌개,갈치조림,857.0
2016-07-08,N,밥,우무묵냉국,갈릭돈까스,863.0
2016-07-11,N,밥,호박잎찌개,돈육굴소스볶음,1115.0
2016-07-12,N,밥,건새우아욱국,순살파닭,919.0
2016-07-13,N,나물비빔밥,오이냉국,사천식탕수육,866.0
2016-07-14,N,밥,배추된장국,매운주꾸미볶음,781.0
2016-07-15,N,밥,북어계란국,등갈비김치찜,867.0
2016-07-18,N,밥,순두부찌개,돈육떡강정,1158.0
2016-07-19,N,밥,시래기국,목살데리야끼,888.0
2016-07-20,N,밥,사골우거지탕,미트볼조림,844.0
2016-07-21,N,밥,우묵콩국,고추장불고기,733.0
2016-07-22,N,참치회덮밥,미소장국,고구마치즈구이,661.0
2016-07-25,N,밥,쇠고기미역국,불닭볶음,1086.0
2016-07-26,N,밥,청국장찌개,미니채소떡갈비,927.0
2016-07-27,N,밥,시금치국,동파삼겹수육,872.0
2016-07-28,N,밥,꽃게탕,훈제오리냉채,816.0
2016-07-29,N,연복풍덮밥,도토리묵냉국,꽁치오븐구이,671.0
2016-08-01,N,밥,부대찌개*라면사리,갈치구이,1055.0
2016-08-02,N,열무보리비빔밥,팽이장국,꽃맛살볶음,829.0
2016-08-03,N,밥,버섯들깨탕,레몬탕수육,802.0
2016-08-04,N,밥,복숭아미역냉국,닭데리야끼조림,671.0
2016-08-05,N,밥,된장찌개,매콤돼지갈비찜,641.0
2016-08-08,N,밥,호박잎된장국,유자청제육볶음,1038.0
2016-08-09,N,밥,콩나물국,미니함박조림,874.0
2016-08-10,N,밥,사과오이냉국,장어강정,842.0
2016-08-11,N,밥,시래기국,삼겹살오븐구이,845.0
2016-08-12,N,불고기덮밥,맑은국,새우까스&탈탈소스,708.0
2016-08-16,N,밥,닭곰탕,고등어조림,1023.0
2016-08-17,N,밥,대구매운탕,오징어볶음,924.0
2016-08-18,N,밥,열무된장국,갈릭돈가스,943.0
2016-08-19,N,단호박영양밥,도토리묵냉국,소고기숙주볶음,754.0
2016-08-22,N,밥,꽃게탕,고추잡채*꽃빵,1266.0
2016-08-23,N,밥,배추된장국,칠리탕수육,1145.0
2016-08-24,N,밥,해물된장찌개,닭볶음,941.0
2016-08-25,N,밥,육개장,동태무조림,885.0
2016-08-26,N,밥,떡국,마늘치킨,813.0
2016-08-29,N,밥,순두부찌개,소불고기,1258.0
2016-08-30,N,밥,버섯매운탕,갈치구이,901.0
2016-08-31,N,낙지비빔밥,가쯔오장국,계란말이,915.0
2016-09-01,N,밥,오징어국,목살데리야끼,953.0
2016-09-02,N,밥,시래기된장국,닭찜,832.0
2016-09-05,N,밥,쇠고기샤브국,오징어볶음,1164.0
2016-09-06,N,밥,부대찌개,가자미카레튀김,784.0
2016-09-07,N,곤드레밥,두부맑은국,돈육떡강정,926.0
2016-09-08,N,밥,된장찌개,오리고추장볶음,758.0
2016-09-09,N,밥,황태맑은국,유린기,682.0
2016-09-12,N,밥,시래기국,닭볶음,924.0
2016-09-13,N,밥,토란국,매운돼지갈비찜,820.0
2016-09-19,N,밥,어묵국,오리훈제고추장볶음,1271.0
2016-09-20,N,밥,얼갈이된장국,레몬탕수육,1039.0
2016-09-21,N,열무비빔밥,팽이장국,너비아니구이,1068.0
2016-09-22,N,밥,쇠고기무국,임연수찜,891.0
2016-09-23,N,밥,오징어국,소고기숙주볶음,716.0
2016-09-26,N,밥,아욱된장국,유자청돈육볶음,1185.0
2016-09-27,N,밥,느타리버섯국,간장파닭,1033.0
2016-09-28,N,카레덮밥,맑은국,샐러드파스타,1128.0
2016-09-29,N,밥,된장찌개,돈육장조림,1044.0
2016-09-30,N,밥,우거지해장국,꽁치한마리구이,843.0
2016-10-04,N,밥,배추된장국,버섯불고기,1262.0
2016-10-05,N,밥,차돌박이찌개,매운주꾸미볶음,1336.0
2016-10-06,N,밥,미역국,한방소갈비찜,1196.0
2016-10-07,N,밥,대구매운탕,표고돈육탕수,843.0
2016-10-10,N,밥,쇠고기샤브국,오징어볶음,1180.0
2016-10-11,N,밥,시금치된장국,목살스테이크,1014.0
2016-10-12,N,산채비빔밥*강된장,팽이버섯국,생선커틀릿,951.0
2016-10-13,N,밥,떡국,마늘치킨,1051.0
2016-10-14,N,밥,건새우무국,등갈비김치찜,898.0
2016-10-17,N,밥,미역국,소불고기,1196.0
2016-10-18,N,밥,꽃게탕,미트볼칠리조림,994.0
2016-10-19,N,밥,참치김치찌개,유린기,933.0
2016-10-20,N,밥,돈신탕(해장탕),꽁치김치말이,787.0
2016-10-21,N,짜장밥,계란국,사천식탕수육,760.0
2016-10-24,N,밥,된장찌개,제육볶음,1171.0
2016-10-25,N,밥,육개장,갈치구이,1028.0
2016-10-26,N,곤드레밥,배추된장국,데리야끼파닭,854.0
2016-10-27,N,밥,동태찌개,돈육장조림,807.0
2016-10-28,N,밥,버섯들깨탕,고등어조림,731.0
2016-10-31,N,밥,근대된장국,쇠고기숙주볶음,1224.0
2016-11-01,N,밥,알탕,닭갈비,1087.0
2016-11-02,N,콩나물밥,가쯔오장국,훈제오리/무쌈,1006.0
2016-11-03,N,밥,쇠고기무국,쭈꾸미볶음,864.0
2016-11-04,N,밥,사골우거지탕,명태엿장조림,803.0
2016-11-07,N,밥,오징어국,유자청제육볶음,1156.0
2016-11-08,N,밥,차돌박이찌개,순살양념치킨,986.0
2016-11-09,N,단호박영양밥,꽃게탕,고추잡채*꽃빵,920.0
2016-11-10,N,밥,김치콩나물국,쇠고기장조림,795.0
2016-11-11,N,밥,아욱된장국,칠리탕수육,652.0
2016-11-14,N,밥,어묵국,소고기버섯볶음,1260.0
2016-11-15,N,밥,김치국,닭데리야끼조림,914.0
2016-11-16,N,버섯영양밥,조랭이떡미역국,유산슬,888.0
2016-11-17,N,밥,설렁탕,해물김치전,882.0
2016-11-18,N,밥,콩비지찌개,순살깐풍기,730.0
2016-11-21,N,밥,시래기된장국,누룽지탕수육,1235.0
2016-11-22,N,밥,대구매운탕,쇠고기숙주볶음,1046.0
2016-11-23,N,밥,순두부탕,파닭,891.0
2016-11-24,N,밥,수제비국,짬뽕불고기,870.0
2016-11-25,N,카레덮밥,맑은국,통감자오븐구이,720.0
2016-11-28,N,밥,쇠고기느타리국,오징어볶음,1246.0
2016-11-29,N,밥,근대국,제육볶음,900.0
2016-11-30,N,나물비빔밥,가쯔오장국,치킨핑거*요거트D,1109.0
2016-12-01,N,밥,콩나물국,모둠장조림,956.0
2016-12-02,N,밥,떡국,양념찜닭,766.0
2016-12-05,N,밥,순두부찌개,훈제오리구이,1110.0
2016-12-06,N,밥,홍합탕,삼겹살오븐구이,930.0
2016-12-07,N,짜장밥,유부장국,해물누룽지탕,895.0
2016-12-08,N,밥,아욱국,양념돼지갈비찜,787.0
2016-12-09,N,밥,차돌박이된장찌개,삼치무조림,621.0
2016-12-12,N,밥,콩나물김치국,돈육굴소스볶음,1069.0
2016-12-13,N,밥,냉이된장찌개,코다리강정,770.0
2016-12-14,N,소불고기덮밥,가쯔오장국,고구마튀김,904.0
2016-12-15,N,밥,콩비지찌개,오리고추장볶음,850.0
2016-12-16,N,밥,쇠고기샤브국,갈치구이,699.0
2016-12-19,N,밥,배추된장국,짬뽕불고기,1215.0
2016-12-20,N,밥,콩나물국,고추잡채*꽃빵,790.0
2016-12-21,N,밥,된장찌개,마늘간장치킨,929.0
2016-12-22,N,밥,꽃게탕,쇠고기버섯볶음,524.0
2016-12-23,N,밥,얼갈이국,떡갈비조림,560.0
2016-12-26,N,밥,동태찌개,돈육간장불고기,1192.0
2016-12-27,N,밥,열무된장국,닭갈비,823.0
2016-12-28,N,콩나물밥,가쯔오장국,미트볼케찹조림,767.0
2016-12-29,N,밥,시래기국,오징어볶음*소면,711.0
2016-12-30,N,밥,순두부찌개,수제돈까스,658.0
2017-01-02,N,밥,사골떡국,쇠고기낙지볶음,1273.0
2017-01-03,N,밥,홍합탕,매운동태찜,1041.0
2017-01-04,N,곤드레밥,황태국,동그랑땡전,949.0
2017-01-05,N,밥,육개장,굴비구이,1000.0
2017-01-06,N,밥,된장찌개,레몬탕수육,830.0
2017-01-09,N,밥,콩나물국,동파육,1322.0
2017-01-10,N,밥,쇠고기미역국,주꾸미떡볶음,1186.0
2017-01-11,N,비빔밥,팽이장국,생선까스,1039.0
2017-01-12,N,밥,어묵국,매운닭찜,976.0
2017-01-13,N,밥,짬뽕국,미니함박조림,791.0
2017-01-16,N,밥,얼갈이된장국,오징어볶음*소면,1273.0
2017-01-17,N,밥,순두부찌개,쇠고기숙주볶음,1035.0
2017-01-18,N,밥,아욱국,훈제오리구이,863.0
2017-01-19,N,밥,수제비국,유자청돈육볶음,866.0
2017-01-20,N,밥,닭개장,가자미카레튀김,709.0
2017-01-23,N,밥,냉이콩나물국,닭볶음,1152.0
2017-01-24,N,밥,알탕,돈육간장불고기,974.0
2017-01-25,N,카레덮밥,맑은국,유린기,720.0
2017-01-26,N,밥,배추된장국,소갈비찜,844.0
2017-01-31,N,밥,미역국,언양식불고기*양파채,1240.0
2017-02-01,N,밥,시금치된장국,고추장불고기,1260.0
2017-02-02,N,밥,굴김치두부국,스위트칠리미트볼,1005.0
2017-02-03,N,밥,콩나물국,소고기낙지볶음,854.0
2017-02-06,N,밥,냉이된장찌개,닭갈비,1319.0
2017-02-07,N,밥,대구매운탕,유산슬,1114.0
2017-02-08,N,콩나물밥,맑은국,닭오븐구이,1068.0
2017-02-09,N,밥,배추국,수제돈까스,953.0
2017-02-10,N,오곡밥,소고기무국,굴비구이,797.0
2017-02-13,N,밥,쇠고기미역국,제육볶음,1364.0
2017-02-14,N,밥,된장찌개,주꾸미볶음,997.0
2017-02-15,N,밥,들깨시래기국,순살파닭,1045.0
2017-02-16,N,밥,홍합탕,소불고기,968.0
2017-02-17,N,밥,어묵국,등갈비김치찜,753.0
2017-02-20,N,밥,열무된장국,동파육,1216.0
2017-02-21,N,밥,버섯들깨탕,낙지볶음,1004.0
2017-02-22,N,나물비빔밥,유부장국,생선까스*탈탈소스,1065.0
2017-02-23,N,밥,콩나물국,돼지갈비찜,917.0
2017-02-24,N,밥,수제비국,깐풍기,698.0
2017-02-27,N,밥,봄동된장국,훈제오리구이,1141.0
2017-02-28,N,밥,사골떡국,언양식불고기,956.0
2017-03-02,N,밥,돈육김치찌개,팝콘치킨*데리마요,1057.0
2017-03-03,N,카레덮밥,맑은국,미니채소떡갈비,926.0
2017-03-06,N,밥,어묵국,순살닭갈비,1311.0
2017-03-07,N,밥,토란탕,돈육칠리강정,994.0
2017-03-08,N,곤드레밥*강된장,미소국,오징어볶음,879.0
2017-03-09,N,밥,아욱국,마늘치킨,954.0
2017-03-10,N,밥,얼큰순두부찌개,해물청경채볶음,664.0
2017-03-13,N,밥,오징어국,버섯불고기,1295.0
2017-03-14,N,밥,동태찌개,미트볼케찹조림,972.0
2017-03-15,N,밥,근대국,양념찜닭,961.0
2017-03-16,N,밥,옹심이만두국,돈육굴소스볶음,951.0
2017-03-17,N,밥,고추장찌개,치킨커틀렛,625.0
2017-03-20,N,밥,아욱국,콩나물불고기,1328.0
2017-03-21,N,밥,냉이된장찌개,쇠고기장조림,940.0
2017-03-22,N,밥,돈육김치찌개,유린기,953.0
2017-03-23,N,밥,콩가루배추국,돼지갈비찜,911.0
2017-03-24,N,밥,대구매운탕,고추잡채*꽃빵,644.0
2017-03-27,N,밥,알탕,소고기숙주볶음,1114.0
2017-03-28,N,밥,소고기미역국,주꾸미볶음,970.0
2017-03-29,N,봄나물비빔밥,팽이장국,언양식불고기,966.0
2017-03-30,N,밥,북어콩나물국,사천식탕수육,802.0
2017-03-31,N,밥,쇠고기무국(빨갛게),생선커틀렛,639.0
2017-04-03,N,밥,꽃게탕,오이달래무침,1258.0
2017-04-04,N,밥,된장찌개,쇠불고기,809.0
2017-04-05,N,짜장밥,맑은계란국,유산슬,1060.0
2017-04-06,N,밥,근대국,마늘치킨,897.0
2017-04-07,N,밥,육개장,미니채소떡갈비,602.0
2017-04-10,N,밥,얼갈이국,쇠고기낙지볶음,1218.0
2017-04-11,N,밥,김치찌개,해물누룽지탕,994.0
2017-04-12,N,밥,들깨미역국,삼겹살오븐구이,893.0
2017-04-13,N,밥,황태국,닭데리야끼조림,784.0
2017-04-14,N,밥,쇠고기샤브국,오징어볶음,541.0
2017-04-17,N,밥,된장찌개,돈육굴소스볶음,1237.0
2017-04-18,N,밥,들깨시래기국,쇠고기장조림,839.0
2017-04-19,N,곤드레밥,맑은국,탕수어,871.0
2017-04-20,N,밥,아욱국,등갈비김치찜,713.0
2017-04-21,N,밥,콩나물김치국,버섯불고기,547.0
2017-04-24,N,밥,부대찌개,언양식불고기,1109.0
2017-04-25,N,밥,차돌박이찌개,닭강정,791.0
2017-04-26,N,비빔밥,맑은국,오징어튀김,835.0
2017-04-27,N,밥,미역국,매콤함박스테이크,788.0
2017-04-28,N,밥,꽃게찌개,탕수육,575.0
2017-05-02,N,밥,참치김치찌개,훈제오리구이/쌈무,525.0
2017-05-04,N,밥,들깨미역국,닭갈비,383.0
2017-05-08,N,밥,고추장찌개,쇠불고기,792.0
2017-05-10,N,밥,된장찌개,제육볶음,1235.0
2017-05-11,N,밥,콩가루배추국,낙지볶음,829.0
2017-05-12,N,밥,옹심이만두떡국,유린기,817.0
2017-05-15,N,밥,콩비지찌개,돈육꽈리고추볶음,1203.0
2017-05-16,N,밥,쇠고기샤브국,오징어볶음,890.0
2017-05-17,N,밥,열무된장국,쇠고기장조림,864.0
2017-05-18,N,밥,부대찌개,굴비구이,796.0
2017-05-19,N,밥,새우살미역국,순살양념치킨,662.0
2017-05-22,N,밥,시금치된장국,제육볶음,1207.0
2017-05-23,N,밥,소고기국,간장찜닭,889.0
2017-05-24,N,콩나물밥,김치국,고등어구이,852.0
2017-05-25,N,밥,들깨시래기국,오리불고기,838.0
2017-05-26,N,밥,콩나물국,주꾸미떡볶음,597.0
2017-05-29,N,밥,황태국,소불고기,1193.0
2017-05-30,N,밥,얼갈이된장국,동파삼겹수육,821.0
2017-05-31,N,열무보리비빔밥,가쯔오장국,탕수만두,910.0
2017-06-01,N,밥,오이냉국,등갈비김치찜,914.0
2017-06-02,N,밥,돈육김치찌개,삼치된장구이,699.0
2017-06-05,N,밥,근대국,돈육굴소스볶음,760.0
2017-06-07,N,밥,콩나물국,훈제오리구이,1127.0
2017-06-08,N,밥,얼갈이된장국,미니채소떡갈비,857.0
2017-06-09,N,밥,호박잎된장찌개,깐풍기,715.0
2017-06-12,N,밥,연두부탕,쇠고기숙주볶음,1140.0
2017-06-13,N,밥,도토리묵냉국,쭈꾸미볶음,916.0
2017-06-14,N,곤드레밥*강된장,가쯔오장국,치킨핑거,907.0
2017-06-15,N,밥,쇠고기샤브국,갈치구이,763.0
2017-06-16,N,밥,아욱된장국,삼겹살구이,644.0
2017-06-19,N,밥,들깨시래기국,유자청제육볶음,1126.0
2017-06-20,N,밥,오이지냉국,고등어김치말이,888.0
2017-06-21,N,카레라이스,유부주머니국,언양식불고기,982.0
2017-06-22,N,밥,쇠고기미역국,해물누룽지탕,875.0
2017-06-23,N,밥,나가사끼짬뽕국,닭갈비,609.0
2017-06-26,N,밥,차돌박이찌개,훈제오리고추장볶음,1147.0
2017-06-27,N,밥,북어콩나물국,오징어볶음,973.0
2017-06-28,N,콩나물밥,얼갈이된장국,삼치구이,745.0
2017-06-29,N,밥,우무묵냉국,갈릭돈까스,814.0
2017-06-30,N,밥,꼬지어묵탕,매운닭찜,695.0
2017-07-03,N,밥,콩나물국,짬뽕불고기,1231.0
2017-07-04,N,밥,배추된장국,낙지볶음,962.0
2017-07-05,N,짜장덮밥,계란국,유산슬,912.0
2017-07-06,N,밥,아욱된장국,등갈비김치찜,821.0
2017-07-07,N,밥,오이냉국,유린기,613.0
2017-07-10,N,밥,콩나물국,버섯불고기,1084.0
2017-07-11,N,밥,어묵국,주꾸미떡볶음,866.0
2017-07-12,N,<초복특식>,삼계탕,찹쌀밥,918.0
2017-07-13,N,밥,근대국,돼지갈비찜,765.0
2017-07-14,N,밥,부대찌개,갈치조림,613.0
2017-07-17,N,밥,무채국,돈육고추장볶음,1168.0
2017-07-18,N,밥,열무된장국,간장찜닭,916.0
2017-07-19,N,김치제육덮밥,맑은국,양장피잡채,830.0
2017-07-20,N,밥,소고기매운무국,오징어굴소스볶음,750.0
2017-07-21,N,밥,닭곰탕,미트볼케찹조림,648.0
2017-07-24,N,밥,어묵탕,콩나물불고기,1119.0
2017-07-25,N,밥,된장찌개,가자미카레튀김,827.0
2017-07-26,N,나물비빔밥,미소장국,파스타샐러드,797.0
2017-07-27,N,밥,콩나물냉국,순살파닭,804.0
2017-07-28,N,밥,쇠고기샤브국,주꾸미떡볶음,501.0
2017-07-31,N,밥,연두부탕,쇠고기숙주볶음,945.0
2017-08-01,N,밥,부대찌개,해물누룽지탕,745.0
2017-08-02,N,밥,꽃게탕,미니채소떡갈비,799.0
2017-08-03,N,밥,오이미역냉국,닭오븐구이,776.0
2017-08-04,N,밥,콩나물국,제육볶음,668.0
2017-08-07,N,밥,어묵국,쇠고기낙지볶음,1078.0
2017-08-08,N,밥,미역국,닭갈비,842.0
2017-08-09,N,밥,도토리묵냉국,수제돈까스,946.0
2017-08-10,N,밥,돈육김치찌개,갈치구이,777.0
2017-08-11,N,밥,고추장찌개,돈육보쌈,710.0
2017-08-14,N,밥,된장찌개,짬뽕불고기,692.0
2017-08-16,N,밥,쇠고기무국,오징어볶음*소면,973.0
2017-08-17,N,밥,들깨시래기국,매운닭찜,823.0
2017-08-18,N,짜장밥,맑은국,해물까스*칠리소스,731.0
2017-08-21,N,밥,조랭이떡미역국,소고기불고기,1232.0
2017-08-22,N,밥,해물된장찌개,표고버섯탕수육,1053.0
2017-08-23,N,곤드레밥*강된장,가쯔오장국,가자미양념찜,953.0
2017-08-24,N,밥,쇠고기샤브국,주꾸미굴소스볶음,843.0
2017-08-25,N,밥,알탕,미트볼케찹조림,594.0
2017-08-28,N,밥,콩나물국,돈육간장불고기,1191.0
2017-08-29,N,밥,배추된장국,닭갈비,877.0
2017-08-30,N,산채비빔밥,미소장국,언양식불고기,898.0
2017-08-31,N,밥,육개장,굴비구이,852.0
2017-09-01,N,밥,시래기국,훈제오리구이,663.0
2017-09-04,N,밥,북어국,버섯불고기,1168.0
2017-09-05,N,밥,연두부탕,등갈비김치찜,924.0
2017-09-06,N,밥,꽃게탕,마늘치킨,922.0
2017-09-07,N,밥,쇠고기미역국,오징어볶음*소면,926.0
2017-09-08,N,밥,열무된장국,동파육,662.0
2017-09-11,N,밥,시래기된장국,유자청제육볶음,1350.0
2017-09-12,N,밥,차돌박이찌개,해물누룽지탕,993.0
2017-09-13,N,카레라이스,미소장국,떡갈비조림,945.0
2017-09-14,N,밥,고사리육개장,닭찜,860.0
2017-09-15,N,밥,참치김치찌개,단호박장조림,602.0
2017-09-18,N,밥,해물순두부찌개,언양식불고기,1214.0
2017-09-19,N,밥,들깨버섯국,소고기낙지볶음,958.0
2017-09-20,N,콩나물밥,가쯔오국,감자프리타타,890.0
2017-09-21,N,밥,쇠고기샤브국,꽁치구이,820.0
2017-09-22,N,밥,콩가루배추국,순살양념치킨,735.0
2017-09-25,N,밥,근대국,짬뽕불고기,1099.0
2017-09-26,N,밥,시래기들깨탕,닭갈비,902.0
2017-09-27,N,밥,콩나물국,삼겹살구이,1023.0
2017-09-28,N,밥,차돌박이찌개,매운주꾸미볶음,589.0
2017-09-29,N,밥,미역국,쇠불고기/잡채,760.0
2017-10-10,N,밥,아욱국,훈제오리구이,1265.0
2017-10-11,N,밥,고추장찌개,레몬탕수육,1109.0
2017-10-12,N,밥,해물된장찌개,닭찜,989.0
2017-10-13,N,밥,쇠고기무국,오징어볶음*소면,1015.0
2017-10-16,N,밥,차돌박이찌개,제육볶음,1173.0
2017-10-17,N,밥,근대국,고등어조림,848.0
2017-10-18,N,밥,민물새우찌개,수제돈가스,814.0
2017-10-19,N,밥,새알미역국,유린기,901.0
2017-10-20,N,밥,쇠고기매운버섯국,해물청경채볶음,533.0
2017-10-23,N,밥,콩나물국,버섯불고기,1115.0
2017-10-24,N,밥,배추된장국,쭈꾸미볶음,1037.0
2017-10-25,N,곤드레밥*강된장,가쯔오장국,갈치조림,786.0
2017-10-26,N,밥,육개장,치킨핑거,824.0
2017-10-27,N,밥,시금치국,돼지갈비찜,567.0
2017-10-30,N,밥,들깨시래기국,닭갈비,1150.0
2017-10-31,N,밥,근대국,돈삼겹보쌈,955.0
2017-11-01,N,카레덮밥,맑은국,개성감자만두,815.0
2017-11-02,N,밥,사골떡국,오징어볶음,854.0
2017-11-03,N,밥,된장찌개,누룽지탕수육,644.0
2017-11-06,N,밥,콩가루배추국,짬뽕불고기,1167.0
2017-11-07,N,밥,오징어국,수제돈까스,943.0
2017-11-08,N,콩나물밥,미역장국,언양식불고기,780.0
2017-11-09,N,밥,해물된장찌개,매운닭찜,797.0
2017-11-10,N,밥,올갱이아욱국,등갈비김치찜,630.0
2017-11-13,N,밥,시금치국,소고기불고기,1017.0
2017-11-14,N,밥,새알미역국,돼지갈비찜,924.0
2017-11-15,N,곤드레밥*간장양념,청양된장찌개,굴비구이,895.0
2017-11-16,N,밥,북어계란국,찜닭,736.0
2017-11-17,N,밥,콩비지찌개,미니채소떡갈비,640.0
2017-11-20,N,밥,차돌박이찌개,오징어볶음,1115.0
2017-11-21,N,밥,어묵국,순살파닭,954.0
2017-11-22,N,단호박영양밥,가쯔오장국,돈육칠리강정,817.0
2017-11-23,N,밥,쇠고기무국,갈치구이,758.0
2017-11-24,N,밥,꽃게탕,돈육굴소스볶음,563.0
2017-11-27,N,밥,아욱국,버섯불고기,1065.0
2017-11-28,N,밥,연두부탕,사천식탕수육,929.0
2017-11-29,N,나물비빔밥,미소장국,코다리조림,903.0
2017-11-30,N,밥,들깨시래기국,제육볶음,781.0
2017-12-01,N,밥,동태탕,찜닭,660.0
2017-12-04,N,밥,들깨무채국,돈육피망볶음,1142.0
2017-12-05,N,밥,소고기된장찌개,낙지볶음,939.0
2017-12-06,N,콩나물밥,유부주머니국,생선까스&탈탈소스,860.0
2017-12-07,N,밥,봄동된장국,닭볶음탕,740.0
2017-12-08,N,밥,부대찌개,미트볼케찹조림,682.0
2017-12-11,N,밥,해물된장찌개,돈육굴소스볶음,1165.0
2017-12-12,N,밥,차돌박이찌개,해물누룽지탕,884.0
2017-12-13,N,카레라이스,미소장국,떡갈비조림,978.0
2017-12-14,N,밥,우거지해장국,명태코다리조림,875.0
2017-12-15,N,밥,들깨시래기국,표고버섯탕수육,618.0
2017-12-18,N,밥,오징어국,버섯불고기,1149.0
2017-12-19,N,밥,달래된장국,주꾸미볶음,715.0
2017-12-20,N,밥,민물새우찌개,동파육,814.0
2017-12-21,N,밥,순두부찌개,훈제오리구이,692.0
2017-12-22,N,밥,콩나물국,간장마늘치킨,565.0
2017-12-26,N,밥,꽃게탕,언양식불고기,915.0
2017-12-27,N,밥,쇠고기미역국,오징어볶음,571.0
2017-12-28,N,밥,아욱된장국,돼지갈비찜,311.0
2017-12-29,N,밥,어묵국,닭볶음탕,394.0
2018-01-02,N,밥,사골떡국,한방소갈비찜,1148.0
2018-01-03,N,곤드레밥*간장양념,청량된장찌개,굴비구이,883.0
2018-01-04,N,밥,콩가루배추국,제육볶음,893.0
2018-01-05,N,밥,부대찌개,깐풍기,762.0
2018-01-08,N,밥,황태국,소불고기,1178.0
2018-01-09,N,밥,근대국,양파치킨,816.0
2018-01-10,N,콩나물밥,맑은국,고추잡채*꽃빵,865.0
2018-01-11,N,밥,봄동된장국,오징어돈육볶음,911.0
2018-01-12,N,밥,차돌박이찌개,명태코다리강정,679.0
2018-01-15,N,밥,아욱국,유자청제육볶음,1256.0
2018-01-16,N,밥,꽃게탕,미니채소떡갈비,1076.0
2018-01-17,N,나물비빔밥,가쯔오장국,치킨핑거,969.0
2018-01-18,N,밥,된장찌개,쇠고기장조림,830.0
2018-01-19,N,밥,육개장,탕수어,654.0
2018-01-22,N,밥,북어국,쇠고기숙주볶음,1241.0
2018-01-23,N,밥,시금치된장국,오징어볶음,872.0
2018-01-24,N,짜장덮밥,맑은국,과일탕수육,845.0
2018-01-25,N,밥,김치콩나물국,돈육굴소스볶음,754.0
2018-01-26,N,밥,연두부탕,순살파닭,722.0
2018-01-29,N,밥,봄동된장국,가래떡돼지갈비찜,1417.0
2018-01-30,N,밥,어묵국,닭볶음,1054.0
2018-01-31,N,김치제육덮밥,미소장국,양장피잡채,1138.0
2018-02-01,N,밥,닭곰탕,매콤미니함박,1002.0
2018-02-02,N,밥,차돌박이찌개,표고버섯탕수육,760.0
2018-02-05,N,밥,순두부찌개,돈육볶음,1372.0
2018-02-06,N,밥,해물된장찌개,쇠고기장조림,1085.0
2018-02-07,N,콩나물밥,유부주머니국,언양식불고기,1107.0
2018-02-08,N,밥,열무된장국,동파삼겹수육,984.0
2018-02-09,N,밥,부대찌개,해물청경채볶음,724.0
2018-02-12,N,밥,차돌박이찌개,닭갈비,1251.0
2018-02-13,N,밥,아욱된장국,사천식탕수육,955.0
2018-02-14,N,밥,떡국,버섯불고기,850.0
2018-02-19,N,밥,들깨미역국,훈제오리구이,1298.0
2018-02-20,N,밥,배추된장국,짬뽕불고기,1105.0
2018-02-21,N,카레덮밥,맑은국,고구마치즈구이,1087.0
2018-02-22,N,밥,콩나물국,마늘치킨,988.0
2018-02-23,N,밥,시금치된장국,등갈비김치찜,651.0
2018-02-26,N,밥,황태국,소고기숙주볶음,1192.0
2018-02-27,N,밥,아욱된장국,돼지갈비찜,934.0
2018-02-28,N,곤드레밥*강된장,어묵국,치킨핑거*요거트소스,786.0
2018-03-02,N,밥,차돌박이된장찌개,조기구이,508.0
2018-03-05,N,밥,해물순두부찌개,소고기장조림,1355.0
2018-03-06,N,밥,근대된장국,닭강정,1020.0
2018-03-07,N,콩나물밥,가쯔오국,삼치구이,1057.0
2018-03-08,N,밥,홍합탕,오리불고기,973.0
2018-03-09,N,밥,쇠고기샤브국,주꾸미볶음,716.0
2018-03-12,N,밥,배추된장국,버섯불고기,1361.0
2018-03-13,N,밥,쇠고기무국,미트볼케찹조림,997.0
2018-03-14,N,밥,시금치된장국,탕수어,948.0
2018-03-15,N,밥,동태탕,닭데리야끼조림,975.0
2018-03-16,N,밥,얼갈이국,오징어볶음,707.0
2018-03-19,N,밥,어묵국,돈육간장볶음,1159.0
2018-03-20,N,밥,된장찌개,해물누룽지탕,1040.0
2018-03-21,N,밥,쇠고기미역국,닭볶음탕,1092.0
2018-03-22,N,밥,우거지해장국,코다리강정,899.0
2018-03-23,N,밥,열무된장국,수제돈까스,759.0
2018-03-26,N,밥,차돌박이찌개,닭갈비,1276.0
2018-03-27,N,밥,콩나물국,등갈비김치찜,1005.0
2018-03-28,N,단호박카레라이스,유부장국,유린기,926.0
2018-03-29,N,밥,얼큰소고기국,고추잡채*꽃빵,936.0
2018-03-30,N,밥,참치김치찌개,주꾸미볶음,616.0
2018-04-02,N,밥,들깨버섯국,소고기낙지볶음,1212.0
2018-04-03,N,밥,동태매운탕,언양식불고기,800.0
2018-04-04,N,곤드레밥*강된장,가쯔오장국,닭오븐구이,903.0
2018-04-05,N,밥,쑥된장국,류산슬,849.0
2018-04-06,N,밥,수제비국,양념치킨,741.0
2018-04-09,N,밥,콩나물국,제육볶음,1283.0
2018-04-10,N,밥,민물새우찌개,소고기장조림,855.0
2018-04-11,N,밥,아욱국,오징어볶음,804.0
2018-04-12,N,밥,순두부찌개,코다리양념조림,796.0
2018-04-13,N,밥,근대국,안동찜닭,652.0
2018-04-16,N,밥,배추된장국,짬뽕불고기,1195.0
2018-04-17,N,밥,무채국,훈제오리구이,900.0
2018-04-18,N,콩나물밥,열무된장국,치킨핑거,922.0
2018-04-19,N,밥,알탕,돈육간장볶음,846.0
2018-04-20,N,밥,돈육김치찌개,가자미카레튀김,605.0
2018-04-23,N,밥,콩나물국,류산슬,1246.0
2018-04-24,N,밥,쇠고기미역국,깐풍기,940.0
2018-04-25,N,비빔밥,유부장국,오징어튀김,851.0
2018-04-26,N,밥,시래기국,닭매운찜,761.0
2018-04-27,N,밥,순두부찌개,삼겹살구이,674.0
2018-04-30,N,밥,어묵국,닭데리야끼조림,629.0
2018-05-02,N,김치제육덮밥,유부장국,양장피잡채,1137.0
2018-05-03,N,밥,도토리묵냉국,수제돈까스*칠리소스,883.0
2018-05-04,N,밥,무청된장국,콩나물제육볶음,630.0
2018-05-08,N,밥,배추된장국,버섯불고기,1225.0
2018-05-09,N,밥,돈육김치찌개,탕수어,919.0
2018-05-10,N,밥,근대국,돈육굴소스볶음,763.0
2018-05-11,N,밥,소고기무국,오징어볶음,602.0
2018-05-14,N,밥,시금치된장국,훈제오리구이,1229.0
2018-05-15,N,밥,얼갈이된장국,등갈비김치찜,1004.0
2018-05-16,N,카레덮밥,맑은국,고구마치즈구이,1031.0
2018-05-17,N,밥,콩나물국,닭볶음탕,811.0
2018-05-18,N,밥,차돌박이된장찌개,주꾸미볶음,563.0
2018-05-21,N,밥,시래기들깨탕,짬뽕불고기,543.0
2018-05-23,N,곤드레밥*강된장,얼갈이된장국,마늘치킨,1065.0
2018-05-24,N,밥,조랭이떡국,돼지갈비찜,754.0
2018-05-25,N,밥,사과오이냉국,꽁치오븐구이,594.0
2018-05-28,N,밥,미역국,제육볶음,1306.0
2018-05-29,N,밥,김치찌개,해물청경채볶음,931.0
2018-05-30,N,콩나물밥,유부장국,수제돈가스,876.0
2018-05-31,N,밥,오징어국,동파삼겹수육,856.0
2018-06-01,N,밥,우거지해장국,치킨핑거,649.0
2018-06-04,N,밥,콩나물국,돈육간장볶음,1211.0
2018-06-05,N,밥,된장찌개,닭갈비,884.0
2018-06-07,N,밥,순두부찌개,고추잡채*꽃빵,890.0
2018-06-08,N,밥,대구매운탕,완자전,631.0
2018-06-11,N,밥,배추된장국,버섯불고기,1228.0
2018-06-12,N,밥,육개장,고등어김치말이,905.0
2018-06-14,N,밥,근대국,순살파닭,936.0
2018-06-15,N,밥,부대찌개,오징어볶음,639.0
2018-06-18,N,밥,미역국,훈제오리구이,1069.0
2018-06-19,N,밥,꽃게탕,삼치데리야끼,952.0
2018-06-20,N,열무비빔밥,팽이장국,미니채소떡갈비,875.0
2018-06-21,N,밥,오이냉국,짬뽕불고기,791.0
2018-06-22,N,밥,닭개장,코다리강정,552.0
2018-06-25,N,밥,어묵국,닭갈비,1128.0
2018-06-26,N,밥,돈육김치찌개,류산슬,1012.0
2018-06-27,N,카레덮밥,가쯔오장국,깐풍육,957.0
2018-06-28,N,밥,들깨버섯국,매운돼지갈비찜,803.0
2018-06-29,N,밥,육개장,동태무조림,507.0
2018-07-02,N,밥,콩나물국,유자청제육볶음,1258.0
2018-07-03,N,밥,아욱국,소고기장조림,975.0
2018-07-04,N,곤드레밥*양념장,맑은국,탕수어,791.0
2018-07-05,N,밥,근대국,닭볶음탕,876.0
2018-07-06,N,밥,도토리묵냉국,동파삼겹수육,661.0
2018-07-09,N,밥,고추장찌개,돈육굴소스볶음,1097.0
2018-07-10,N,밥,쇠고기매운국,훈제오리구이,838.0
2018-07-11,N,나물비빔밥,미소장국,오징어튀김,894.0
2018-07-12,N,밥,호박잎된장찌개,깐풍기,764.0
2018-07-13,N,밥,어묵국,등갈비김치찜,585.0
2018-07-16,N,밥,된장찌개,소불고기,1061.0
2018-07-17,N,삼계탕,찹쌀밥,생야채,1116.0
2018-07-18,N,콩나물밥,유부장국,해물까스*칠리소스,839.0
2018-07-19,N,밥,해물순두부찌개,안동찜닭,748.0
2018-07-20,N,밥,우무콩국,유자청제육볶음,489.0
2018-07-23,N,밥,어묵국,돈육굴소스볶음,991.0
2018-07-24,N,밥,우거지해장국,삼치양념구이,886.0
2018-07-25,N,밥,쇠고기샤브국,유린기,760.0
2018-07-26,N,밥,오이지냉국,매운돼지갈비찜,714.0
2018-07-27,N,밥,닭곰탕,주꾸미떡볶음,589.0
2018-07-30,N,밥,근대국,닭갈비,944.0
2018-07-31,N,밥,콩나물국,짬뽕불고기,789.0
2018-08-01,N,카레덮밥,가쯔오장국,떡갈비조림,820.0
2018-08-02,N,밥,돈육김치찌개,갈치양념조림,631.0
2018-08-03,N,밥,연두부탕,닭오븐구이,540.0
2018-08-06,N,밥,콩나물김치국,소불고기,1092.0
2018-08-07,N,밥,얼갈이된장국,오징어볶음,773.0
2018-08-08,N,열무보리비빔밥,맑은국,깐풍육,896.0
2018-08-09,N,밥,미역오이냉국,돈육장조림,821.0
2018-08-10,N,밥,된장찌개,굴비구이,548.0
2018-08-13,N,밥,들깨버섯국,제육볶음,930.0
2018-08-14,N,밥,차돌박이된장찌개,해물누룽지탕,772.0
2018-08-16,N,밥,닭개장,동태포전,789.0
2018-08-17,N,밥,알탕,쇠고기단호박조림,646.0
2018-08-20,N,밥,시금치된장국,훈제오리구이,1199.0
2018-08-21,N,밥,미역국,소고기불고기,972.0
2018-08-22,N,비빔밥,미소장국,해물까스,1000.0
2018-08-23,N,밥,된장찌개,꽁치레몬구이,835.0
2018-08-24,N,밥,우무묵냉국,마늘치킨,678.0
2018-08-27,N,밥,배추된장국,돈육간장불고기,1221.0
2018-08-28,N,밥,쇠고기샤브국,탕수어,873.0
2018-08-29,N,콩나물밥,팽이장국,치킨핑거,915.0
2018-08-30,N,밥,근대국,모듬장조림,849.0
2018-08-31,N,밥,조랭이떡국,소고기낙지볶음,817.0
2018-09-03,N,밥,콩나물국,버섯불고기,1213.0
2018-09-04,N,밥,들깨시래기국,동파삼겹수육,938.0
2018-09-05,N,김치제육덮밥,맑은국,샐러드파스타,829.0
2018-09-06,N,밥,꽃게탕,간장찜닭,830.0
2018-09-07,N,밥,미역국,매운주꾸미볶음,581.0
2018-09-10,N,밥,연두부국,돈육고추장불고기,1144.0
2018-09-11,N,밥,쇠고기미역국,닭매운찜,960.0
2018-09-12,N,소불고기덮밥,가쯔오장국,오징어튀김,805.0
2018-09-13,N,밥,시래기국,등갈비김치찜,882.0
2018-09-14,N,밥,고추장찌개,언양식불고기,405.0
2018-09-17,N,밥,어묵국,돈육굴소스볶음,1189.0
2018-09-18,N,밥,닭개장,류산슬,946.0
2018-09-19,N,카레덮밥,유부장국,감자프리타타,833.0
2018-09-20,N,밥,꽃게탕,소고기장조림,817.0
2018-09-21,N,밥,아욱된장국,돼지갈비찜/잡채,929.0
2018-10-08,N,밥,어묵탕,돈육고추장불고기,895.0
2018-10-10,N,곤드레밥*강된장,맑은국,돈육강정,1319.0
2018-10-11,N,밥,들깨버섯국,오징어볶음,1211.0
2018-10-12,N,밥,설렁탕,김치전,622.0
2018-10-15,N,밥,열무된장국,버섯불고기,1235.0
2018-10-16,N,밥,매운소고기무국,조기구이,928.0
2018-10-17,N,콩나물밥,유부장국,생선가스*칠리소스,761.0
2018-10-18,N,밥,감자국,김치제육볶음,857.0
2018-10-22,N,밥,고추장찌개,돈육간장불고기,1176.0
2018-10-23,N,밥,콩비지찌개,닭볶음탕,902.0
2018-10-24,N,밥,콩나물국,등갈비김치찜,777.0
2018-10-25,N,밥,얼갈이국,쇠고기낙지볶음,722.0
2018-10-26,N,밥,근대국,오징어볶음,528.0
2018-10-29,N,밥,황태국,소불고기,1156.0
2018-10-30,N,밥,어묵국,동파삼겹수육,932.0
2018-10-31,N,밥,콩나물국,수제돈가스,930.0
2018-11-01,N,밥,시래기국,마늘간장치킨,703.0
2018-11-02,N,밥,배추된장국,훈제오리구이,539.0
2018-11-05,N,밥,쇠고기샤브국,오징어볶음,1088.0
2018-11-06,N,밥,매운콩나물국,닭데리야끼구이,813.0
2018-11-07,N,곤드레밥*강된장,맑은국,사천식탕수육,860.0
2018-11-08,N,밥,미역국,닭갈비,926.0
2018-11-09,N,밥,육개장,고등어구이,496.0
2018-11-12,N,밥,순두부찌개,소고기불고기,1154.0
2018-11-13,N,밥,청국장찌개,돈육강정,783.0
2018-11-14,N,콩나물밥*양념장,팽이장국,치킨핑거*요거트드레싱,800.0
2018-11-15,N,밥,아욱국,유자청제육볶음,747.0
2018-11-16,N,밥,알탕,언양식불고기,616.0
2018-11-19,N,밥,꽃게탕,돈육굴소스볶음,1124.0
2018-11-20,N,밥,들깨시래기국,주꾸미볶음,740.0
2018-11-21,N,카레덮밥,맑은국,새우까스*탈탈소스,832.0
2018-11-22,N,밥,콩나물국,닭볶음탕,718.0
2018-11-23,N,밥,근대국,버섯불고기,527.0
2018-11-26,N,밥,얼갈이국,닭갈비,1077.0
2018-11-27,N,밥,배추된장국,짬뽕불고기,839.0
2018-11-28,N,나물비빔밥,가쯔오장국,오징어튀김,862.0
2018-11-29,N,밥,두부김치국,레몬탕수육,794.0
2018-11-30,N,밥,매운버섯국,해물누룽지탕,543.0
2018-12-03,N,밥,미역국,쇠고기낙지볶음,1248.0
2018-12-04,N,밥,차돌박이찌개,유린기,911.0
2018-12-05,N,단호박영양밥,유부장국,언양식불고기,885.0
2018-12-06,N,밥,콩나물국,오리불고기,765.0
2018-12-07,N,밥,떡만두국,쇠고기모듬장조림,674.0
2018-12-10,N,밥,아욱국,제육볶음,1201.0
2018-12-11,N,밥,시금치국,등갈비김치찜,883.0
2018-12-12,N,콩나물밥*양념장,가쯔오국,가자미튀김,788.0
2018-12-13,N,밥,매운어묵국,동파삼겹수육,765.0
2018-12-14,N,밥,동태찌개,치즈함박스테이크,664.0
2018-12-17,N,밥,콩나물국,짬뽕불고기,1170.0
2018-12-18,N,밥,연두부탕,닭볶음탕,813.0
2018-12-19,N,곤드레밥*강된장,팽이장국,탕수어,710.0
2018-12-20,N,밥,근대국,돼지갈비찜,784.0
2018-12-21,N,밥,닭개장,갈치양념조림,456.0
2018-12-24,N,밥,열무된장국,훈제오리구이,296.0
2018-12-26,N,밥,아욱국,돈육굴소스볶음,695.0
2018-12-27,N,밥,순두부찌개,오징어볶음,517.0
2018-12-28,N,밥,고추장찌개,버섯불고기,491.0
2018-12-31,N,밥,콩나물국,돈육고추장불고기,332.0
2019-01-02,N,밥,떡국,소갈비찜,1201.0
2019-01-03,N,밥,차돌박이찌개,안동찜닭,858.0
2019-01-04,N,밥,두부김치국,언양식불고기,668.0
2019-01-07,N,밥,시래기국,쇠고기숙주볶음,1072.0
2019-01-08,N,밥,콩나물국,치즈함박스테이크,839.0
2019-01-09,N,비빔밥,맑은국,치킨핑거*요거트소스,778.0
2019-01-10,N,밥,육개장,탕수육,767.0
2019-01-11,N,밥,꽃게탕,고추잡채*꽃빵,627.0
2019-01-14,N,밥,알탕,돈육굴소스볶음,1163.0
2019-01-15,N,밥,어묵국,등갈비김치말이,963.0
2019-01-16,N,짜장덮밥,맑은국,유산슬,1021.0
2019-01-17,N,밥,봄동된장국,쇠고기낙지볶음,837.0
2019-01-18,N,밥,콩나물김치국,순살파닭,585.0
2019-01-21,N,밥,고추장찌개,버섯불고기,1270.0
2019-01-22,N,밥,배추된장국,닭볶음탕,889.0
2019-01-23,N,콩나물밥,맑은국,생선까스*탈탈소스,958.0
2019-01-24,N,밥,얼갈이국,누룽지탕수육,827.0
2019-01-25,N,밥,수제비국,짬뽕불고기,667.0
2019-01-28,N,밥,된장찌개,김치제육볶음,1140.0
2019-01-29,N,밥,새알만두국,양파치킨,968.0
2019-01-30,N,카레덮밥,유부장국,새우까스*칠리소스,679.0
2019-01-31,N,밥,청국장찌개,갈치구이,765.0
2019-02-01,N,밥,시금치국,동파삼겹수육,804.0
2019-02-07,N,밥,열무된장국,훈제오리구이,1144.0
2019-02-08,N,밥,황태국,제육볶음,970.0
2019-02-11,N,밥,어묵국,소불고기,1459.0
2019-02-12,N,밥,순두부찌개,돈육장조림,1102.0
2019-02-13,N,낙지비빔밥,맑은국,메추리알조림,1044.0
2019-02-14,N,밥,꽃게탕,미니채소떡갈비,963.0
2019-02-15,N,밥,봄동된장국,오징어볶음,682.0
2019-02-18,N,밥,콩비지찌개,치즈함박스테이크,1314.0
2019-02-19,N,밥,차돌박이찌개,굴비구이,1052.0
2019-02-20,N,곤드레밥*양념장,맑은국,치킨핑거,1005.0
2019-02-21,N,밥,아욱국,돼지갈비찜,955.0
2019-02-22,N,밥,돈육김치찌개,언양식불고기,631.0
2019-02-25,N,밥,고추장찌개,버섯불고기,1299.0
2019-02-26,N,밥,쇠고기미역국,미트볼칠리조림,924.0
2019-02-27,N,비빔밥,유부장국,오징어튀김,944.0
2019-02-28,N,밥,콩가루배추된장국,돈삼겹보쌈,772.0
2019-03-04,N,밥,해물된장찌개,돈육간장불고기,1274.0
2019-03-05,N,밥,육개장,고추잡채*꽃빵,940.0
2019-03-06,N,콩나물밥,미역장국,코다리강정,1061.0
2019-03-07,N,밥,북어해장국,소고기낙지볶음,845.0
2019-03-08,N,밥,차돌박이찌개,해물누룽지탕,663.0
2019-03-11,N,밥,어묵국,쇠고기숙주볶음,1277.0
2019-03-12,N,밥,쑥국,안동찜닭,956.0
2019-03-13,N,카레덮밥,가쯔오장국,고구마치즈구이,953.0
2019-03-14,N,밥,우거지해장국,갈치구이,791.0
2019-03-15,N,밥,열무된장국,등갈비김치찜,630.0
2019-03-18,N,밥,콩나물국,버섯불고기,1261.0
2019-03-19,N,밥,아욱국,동파육,990.0
2019-03-20,N,김치제육덮밥,맑은국,야채튀김,970.0
2019-03-21,N,밥,미역국,한방소갈비찜,1214.0
2019-03-22,N,밥,해물된장찌개,돈육굴소스볶음,567.0
2019-03-25,N,밥,꽃게탕,소고기장조림,1150.0
2019-03-26,N,밥,무채국,제육볶음,919.0
2019-03-27,N,단호박영양밥,가쯔오장국,돈육칠리강정,856.0
2019-03-28,N,밥,어묵탕,매운돼지갈비찜,810.0
2019-03-29,N,밥,알탕,미니함박조림,481.0
2019-04-01,N,밥,황태국,소고기숙주볶음,1029.0
2019-04-02,N,밥,연두부탕,오징어볶음,855.0
2019-04-03,N,곤드레밥*강된장,들깨시래기국,순대볶음,790.0
2019-04-04,N,밥,돈육김치찌개,안동찜닭,745.0
2019-04-05,N,밥,조랭이떡미역국,짬뽕불고기,575.0
2019-04-08,N,밥,된장찌개,유자청돈육볶음,1105.0
2019-04-09,N,밥,순두부찌개,주꾸미볶음,876.0
2019-04-10,N,나물비빔밥,가쯔오장국,오징어튀김,789.0
2019-04-11,N,밥,콩나물국,수제돈까스,845.0
2019-04-12,N,밥,아욱국,닭오븐구이,553.0
2019-04-15,N,밥,매운어묵국,버섯불고기,1184.0
2019-04-16,N,밥,열무된장국,닭볶음탕,905.0
2019-04-17,N,밥,떡국,오징어볶음,910.0
2019-04-18,N,밥,매운버섯국,미트볼케찹조림,767.0
2019-04-19,N,짜장덮밥,맑은국,사천식탕수육,683.0
2019-04-22,N,밥,들깨시래기국,유자청돈육볶음,1094.0
2019-04-23,N,밥,된장찌개,쇠고기장조림,886.0
2019-04-24,N,카레라이스,미소장국,언양식불고기,1034.0
2019-04-25,N,밥,두부김치국,해물누룽지탕,702.0
2019-04-26,N,밥,미역국,돈육간장강정,572.0
2019-04-29,N,밥,김치콩나물국,버섯불고기,1207.0
2019-04-30,N,밥,소고기샤브국,오징어볶음,714.0
2019-05-02,N,밥,해물된장찌개,안동찜닭,758.0
2019-05-03,N,밥,순두부찌개,미니채소떡갈비,654.0
2019-05-07,N,밥,어묵국,훈제오리구이,1221.0
2019-05-08,N,콩나물밥,가쯔오장국,치킨핑거/요거트D,881.0
2019-05-09,N,밥,근대국,보쌈,958.0
2019-05-10,N,밥,참치김치찌개,소고기장조림,607.0
2019-05-13,N,밥,아욱국,제육볶음,1111.0
2019-05-14,N,밥,차돌된장찌개,해물청경채볶음,907.0
2019-05-15,N,산채비빔밥,가쯔오장국,치킨너겟*머스타드,888.0
2019-05-16,N,밥,연두부탕,돼지갈비찜,790.0
2019-05-17,N,밥,버섯매운탕,탕수어,408.0
2019-05-20,N,밥,된장찌개,소고기숙주나물볶음,1174.0
2019-05-21,N,밥,해물순두부찌개,수원왕갈비통닭,844.0
2019-05-22,N,밥,꽃게탕,새송이떡갈비구이,831.0
2019-05-23,N,밥,소고기국,가자미튀김,658.0
2019-05-24,N,낙지비빔밥,콩나물국,부추전,508.0
2019-05-27,N,밥,북어국,돈육콩나물불고기,1219.0
2019-05-28,N,밥,오징어국,안동찜닭,931.0
2019-05-29,N,밥,배추된장국,수제돈가스,896.0
2019-05-30,N,밥,육개장,고등어구이,836.0
2019-05-31,N,봄나물비빔밥,맑은국,함박스테이크,640.0
2019-06-03,N,밥,콩나물국,짬뽕불고기,1221.0
2019-06-04,N,밥,아욱국,등갈비김치찜,962.0
2019-06-05,N,곤드레밥*양념장,맑은국,코다리조림,761.0
2019-06-07,N,밥,고추장찌개,언양식불고기,389.0
2019-06-10,N,밥,매운어묵국,소불고기,1232.0
2019-06-11,N,밥,부대찌개,오징어볶음,804.0
2019-06-12,N,김치제육덮밥,맑은국,사과고구마그라탕,876.0
2019-06-13,N,밥,옹심이만두국,닭볶음탕,679.0
2019-06-14,N,밥,오이냉국,사천식탕수육,538.0
2019-06-17,N,밥,열무된장국,돼지고기유자청볶음,1099.0
2019-06-18,N,밥,북어해장국,매운돼지갈비찜,853.0
2019-06-19,N,짜장덮밥,맑은국,깐풍기,882.0
2019-06-20,N,밥,감자국,주꾸미볶음,625.0
2019-06-21,N,밥,청국장찌개,소고기장조림,505.0
2019-06-24,N,밥,어묵국,소불고기,1105.0
2019-06-25,N,밥,참치김치찌개,돈육장조림,775.0
2019-06-26,N,카레덮밥,가쯔오장국,고구마치즈구이,946.0
2019-06-27,N,밥,소고기미역국,양념치킨,808.0
2019-06-28,N,콩나물밥*양념장,팽이장국,치킨핑거*요거트드레싱,535.0
2019-07-01,N,밥,순두부찌개,치즈함박스테이크,1175.0
2019-07-02,N,밥,사과오이냉국,쇠고기낙지볶음,787.0
2019-07-03,N,마파두부덮밥,맑은국,치킨너겟,910.0
2019-07-04,N,밥,열무된장국,짬뽕불고기,699.0
2019-07-05,N,밥,김치두부국,훈제오리구이,546.0
2019-07-08,N,밥,오징어국,버섯불고기,985.0
2019-07-09,N,밥,시래기국,닭볶음탕,861.0
2019-07-10,N,열무보리비빔밥,가쯔오장국,깐풍육,862.0
2019-07-11,N,밥,근대국,삼겹보쌈,730.0
2019-07-12,N,<초복특식>,삼계탕,찹쌀밥,856.0
2019-07-15,N,밥,차돌박이찌개,돈육굴소스볶음,1127.0
2019-07-16,N,밥,북어계란국,닭갈비,952.0
2019-07-17,N,산채비빔밥,미소장국,야채튀김,814.0
2019-07-18,N,밥,돈육김치찌개,미니채소떡갈비,734.0
2019-07-19,N,밥,소고기무국,갈치구이,538.0
2019-07-22,N,밥,매운어묵국,소고기숙주볶음,1013.0
2019-07-23,N,밥,시금치된장국,등갈비김치찜,855.0
2019-07-24,N,카레라이스,가쯔오국,갈비통통만두,744.0
2019-07-25,N,밥,매운소고기국,유린기,668.0
2019-07-26,N,밥,우묵냉국,고구마함박스테이크,462.0
2019-07-29,N,밥,시금치국,유자청제육볶음,898.0
2019-07-30,N,밥,사과오이냉국,장어강정,745.0
2019-07-31,N,곤드레밥*양념장,맑은국,해물누룽지탕,619.0
2019-08-01,N,밥,아욱국,닭볶음탕,648.0
2019-08-02,N,밥,고추장찌개,미트볼케찹조림,440.0
2019-08-05,N,밥,콩나물국,닭갈비,936.0
2019-08-06,N,밥,도토리묵냉국,짬뽕불고기,798.0
2019-08-07,N,짜장덮밥,맑은국,고추잡채*꽃빵,841.0
2019-08-08,N,밥,아욱국,돼지갈비찜,781.0
2019-08-09,N,밥,차돌된장찌개,주꾸미볶음,641.0
2019-08-12,N,밥,된장찌개,소고기숙주볶음,1073.0
2019-08-13,N,밥,꽃게탕,언양식불고기,813.0
2019-08-14,N,콩나물밥,올챙이만두국,유린기,713.0
2019-08-16,N,밥,닭개장,쇠고기장조림,466.0
2019-08-19,N,밥,시래기국,유자청제육볶음,1249.0
2019-08-20,N,밥,소고기미역국,닭강정,955.0
2019-08-21,N,산채비빔밥,미소장국,오징어튀김,923.0
2019-08-22,N,밥,닭곰탕,류산슬,880.0
2019-08-23,N,밥,돈육김치찌개,미니채소떡갈비,599.0
2019-08-26,N,밥,꽃게탕,함박스테이크,1221.0
2019-08-27,N,밥,고추장찌개,버섯불고기,921.0
2019-08-28,N,카레덮밥,맑은국,치킨핑거,899.0
2019-08-29,N,밥,배추된장국,훈제오리구이,845.0
2019-08-30,N,밥,부대찌개,굴비구이,575.0
2019-09-02,N,밥,들깨시락국,돈육김치볶음,1363.0
2019-09-03,N,밥,차돌박이찌개,소고기장조림,944.0
2019-09-04,N,단호박영양밥,유부장국,새송이너비아니구이,769.0
2019-09-05,N,밥,토란국,매운돼지갈비찜,778.0
2019-09-06,N,밥,된장찌개,수제돈까스,687.0
2019-09-09,N,밥,김치콩나물국,짬뽕불고기,1228.0
2019-09-10,N,밥,맑은순두부국,사천식탕수육,812.0
2019-09-11,N,나물비빔밥,팽이장국,생선까스*칠리소스,916.0
2019-09-16,N,밥,황태국,훈제오리고추장볶음,1283.0
2019-09-17,N,밥,꽃게된장찌개,돈육굴소스볶음,1010.0
2019-09-18,N,밥,소고기미역국,탄두리치킨,1006.0
2019-09-19,N,밥,쇠고기샤브국,주꾸미볶음,701.0
2019-09-20,N,밥,열무된장국,대패삼겹*파채,662.0
2019-09-23,N,밥,근대국,유자청제육볶음,1239.0
2019-09-24,N,밥,얼갈이된장국,버섯불고기,899.0
2019-09-25,N,곤드레밥*양념장,맑은국,돈육강정,803.0
2019-09-26,N,밥,콩나물김치국,해물누룽지탕,620.0
2019-09-27,N,밥,어묵국,언양식불고기,722.0
2019-09-30,N,밥,콩가루배추국,짬뽕불고기,1030.0
2019-10-02,N,밥,돈육김치찌개,닭갈비,1241.0
2019-10-04,N,밥,해물된장찌개,소불고기,1215.0
2019-10-07,N,밥,콩비지찌개,돈육굴소스볶음,1133.0
2019-10-08,N,밥,동태탕,마늘간장치킨,883.0
2019-10-10,N,밥,옹심이만두국,굴비구이,862.0
2019-10-11,N,밥,아욱국,매운돼지갈비찜,566.0
2019-10-14,N,밥,북어해장국,제육볶음,1140.0
2019-10-15,N,밥,콩나물국,닭갈비,867.0
2019-10-16,N,콩나물밥,가쯔오국,돈육강정,765.0
2019-10-17,N,밥,알탕,해물굴소스볶음,708.0
2019-10-18,N,밥,우거지된장국,쇠고기장조림,581.0
2019-10-21,N,밥,고추장찌개,훈제오리단호박볶음,1107.0
2019-10-22,N,밥,얼큰순두부찌개,짬뽕불고기,1090.0
2019-10-23,N,카레라이스,우동국,유린기,785.0
2019-10-24,N,밥,건새우아욱국,등갈비김치말이,705.0
2019-10-25,N,나물비빔밥,팽이장국,생선까스*칠리소스,546.0
2019-10-28,N,밥,소고기미역국,유자청제육볶음,915.0
2019-10-29,N,밥,된장찌개,오징어볶음,808.0
2019-10-30,N,마파두부덮밥,맑은국,치킨핑거,771.0
2019-10-31,N,밥,매운콩나물국,동파삼겹수육,671.0
2019-11-01,N,밥,옥수수스프,딸기드레싱샐러드,586.0
2019-11-04,N,밥,근대국,소고기낙지볶음,1058.0
2019-11-05,N,밥,고추장찌개,순살파닭,773.0
2019-11-06,N,김치제육덮밥,가쯔오장국,시금치프리타타,773.0
2019-11-07,N,밥,오징어국,미니채소떡갈비,700.0
2019-11-08,N,야채볶음밥*짜장소스,미역장국,사천식탕수육,535.0
2019-11-11,N,밥,돈육김치찌개,언양식불고기*양파채,1079.0
2019-11-12,N,밥,차돌된장찌개,주꾸미볶음,769.0
2019-11-13,N,곤드레밥*양념장,맑은국,돈육강정,733.0
2019-11-14,N,밥,콩나물국,해물누룽지탕,677.0
2019-11-15,N,김치볶음밥,나가사끼짬뽕국,치킨텐더샐러드,543.0
2019-11-18,N,밥,김치콩나물국,소고기장조림,1032.0
2019-11-19,N,밥,육개장,탕수어,762.0
2019-11-20,N,콩나물밥*양념장,미소장국,닭강정,759.0
2019-11-21,N,밥,된장찌개,류산슬,613.0
2019-11-22,N,카레덮밥,맑은국,생선까스,551.0
2019-11-25,N,밥,고추장찌개,버섯불고기,1097.0
2019-11-26,N,밥,김치두부국,누룽지탕수육,816.0
2019-11-27,N,나물비빔밥,맑은국,감자치즈구이,732.0
2019-11-28,N,밥,아욱국,닭볶음탕,644.0
2019-11-29,N,오므라이스,미소장국,모듬튀김,572.0
2019-12-02,N,밥,열무된장국,훈제오리구이,1140.0
2019-12-03,N,밥,홍합탕,마늘간장치킨,873.0
2019-12-04,N,김치볶음밥/계란,팽이장국,해물까스*칠리소스,879.0
2019-12-05,N,밥,쇠고기샤브국,닭갈비,779.0
2019-12-06,N,밥,근대국,수제돈가스,631.0
2019-12-09,N,밥,들깨시래기국,유자청돈육볶음,1120.0
2019-12-10,N,밥,매운소고기국,유린기,742.0
2019-12-11,N,단호박영양밥,유부장국,새송이너비아니구이,858.0
2019-12-12,N,밥,굴미역국,매운돼지갈비찜,731.0
2019-12-13,N,밥,참치김치찌개,안동찜닭,639.0
2019-12-16,N,밥,열무된장국,훈제오리볶음,1103.0
2019-12-17,N,밥,무채국,소고기숙주볶음,739.0
2019-12-18,N,콩나물밥,미소장국,언양식불고기*양파채,683.0
2019-12-19,N,밥,된장찌개,대패삼겹*파채,862.0
2019-12-20,N,밥,감자양파국,매운닭찜,481.0
2019-12-23,N,밥,아욱국,돈육김치볶음,741.0
2019-12-24,N,밥,오징어국,치킨핑거,462.0
2019-12-26,N,밥,된장찌개,짬뽕불고기,594.0
2019-12-27,N,파인애플볶음밥,가쯔오장국,사천식탕수육,387.0
2019-12-30,N,밥,고추장찌개,버섯불고기,652.0
2019-12-31,N,밥,배추된장국,닭볶음탕,349.0
2020-01-02,N,밥,떡국,제육볶음,985.0
2020-01-03,N,비빔밥,미소장국,탕수어,635.0
2020-01-06,N,밥,된장찌개,돈육김치볶음,1133.0
2020-01-07,N,밥,미역국,순살파닭,904.0
2020-01-08,N,곤드레밥*양념장,맑은국,돈육강정,740.0
2020-01-09,N,밥,육개장,가자미튀김,773.0
2020-01-10,N,참치회덮밥,미소장국,또띠아피자,573.0
2020-01-13,N,밥,근대국,훈제오리구이,945.0
2020-01-14,N,밥,시래기국,함박스테이크*소스,820.0
2020-01-15,N,단호박영양밥,연두부탕,오징어숙회무침,633.0
2020-01-16,N,밥,해물된장찌개,묵은지닭찜,761.0
2020-01-17,N,김치필라프,크림스프,토마토스파게티,696.0
2020-01-20,N,밥,순두부찌개,닭갈비,1075.0
2020-01-21,N,밥,어묵국,등갈비김치찜,868.0
2020-01-22,N,불고기비빔밥,미역장국,허니버터치킨,782.0
2020-01-23,N,밥,아욱국,돼지갈비찜,685.0
2020-01-28,N,밥,황태국,오리고추장볶음,1042.0
2020-01-29,N,콩나물밥*양념장,가쯔오장국,치킨핑거,1197.0
2020-01-30,N,밥,들깨시래기국,닭오븐구이,736.0
2020-01-31,N,김치제육덮밥,계란국,오징어튀김,623.0
2020-02-03,N,밥,미역국,쇠고기낙지볶음,1081.0
2020-02-04,N,밥,차돌박이찌개,돈육강정,849.0
2020-02-05,N,단호박영양밥,유부장국,언양식불고기,660.0
2020-02-06,N,밥,어묵탕,동파삼겹수육,637.0
2020-02-07,N,밥,두부김치국,굴비구이,539.0
2020-02-10,N,밥,매운콩나물국,소고기숙주볶음,1233.0
2020-02-11,N,밥,냉이된장찌개,레몬탕수육,1075.0
2020-02-12,N,곤드레밥*강된장,팽이장국,닭데리야끼조림,1173.0
2020-02-13,N,밥,동태찌개,돈육간장볶음,834.0
2020-02-14,N,김밥볶음밥,미니짬뽕,크림새우,776.0
2020-02-17,N,밥,쇠고기샤브국,유자청제육볶음,1370.0
2020-02-18,N,밥,차돌된장찌개,주꾸미볶음,939.0
2020-02-19,N,나물비빔밥,미소장국,사과고구마그라탕,930.0
2020-02-20,N,밥,근대국,간장마늘치킨,826.0
2020-02-21,N,밥,들깨미역국,짬뽕불고기,627.0
2020-02-24,N,밥,된장찌개,돈육김치볶음,1282.0
2020-02-25,N,밥,부대찌개,훈제오리구이,1238.0
2020-02-26,N,낙지비빔밥,팽이장국,치킨텐더*콘소스D,1105.0
2020-02-27,N,밥,북어국,닭갈비,1000.0
2020-02-28,N,밥,아욱국,소고기장조림,750.0
2020-03-02,N,밥,두부김치국,소고기버섯볶음,1362.0
2020-03-03,N,밥,쇠고기무국,오징어볶음*소면,1074.0
2020-03-04,N,콩나물밥*달래장,고추장찌개,갈치구이,999.0
2020-03-05,N,밥,미역국,수원왕갈비통닭,989.0
2020-03-06,N,곤드레밥,건새우아욱국,돈육간장볶음,642.0
2020-03-09,N,밥,콩나물국,소불고기,1276.0
2020-03-10,N,밥,대파육개장*칼국수,가자미엿장조림,1019.0
2020-03-11,N,카레라이스,미소시루,감자만두*양념,967.0
2020-03-12,N,밥,순두부찌개,해물돼지갈비찜,804.0
2020-03-13,N,밥,설렁탕,동태포전,593.0
2020-03-16,N,밥,어묵국,돈육굴소스볶음,1284.0
2020-03-17,N,밥,대구탕,차돌박이숙주볶음,914.0
2020-03-18,N,마파두부덮밥,조갯살무국,레몬유린기,831.0
2020-03-19,N,밥,콩비지찌개,짜장닭볶음,829.0
2020-03-20,N,밥,갈비탕,칠리새우,627.0
2020-03-23,N,밥,시래기국,오리양념불고기*쌈무,1110.0
2020-03-24,N,밥,소고기미역국,해물누룽지탕,1083.0
2020-03-25,N,밥,유부주머니국,목살스테이크,1022.0
2020-03-26,N,밥,배추된장국,제육볶음,955.0
2020-03-27,N,봄나물비빔밥,맑은국,치킨너겟,839.0
2020-03-30,N,밥,우렁된장찌개,주꾸미볶음,1000.0
2020-03-31,N,밥,고추장찌개,안동찜닭,859.0
2020-04-01,N,밥,들깨시래기국,삼겹살수육&풋고추,939.0
2020-04-02,N,밥,경상도식소고기국,등갈비김치찜,1009.0
2020-04-03,N,밥,순대국밥,고추튀김,802.0
2020-04-06,N,밥,미역국,오리불고기,1161.0
2020-04-07,N,밥,꽃게된장국,후르츠탕수육,969.0
2020-04-08,N,낙지비빔밥,계란국,닭강정,1032.0
2020-04-09,N,밥,두부김치국,소고기브로컬리볶음,880.0
2020-04-10,N,고기듬뿍카레라이스,미니우동,고구마고로케,780.0
2020-04-13,N,밥,아욱국,치즈닭갈비,1145.0
2020-04-14,N,밥,홍초콩나물국,LA갈비구이,879.0
2020-04-16,N,밥,전복장각삼계탕,육전,947.0
2020-04-17,N,밥,소고기당면국,바질페스토스파게티,759.0
2020-04-20,N,밥,황태국,우엉불고기,1089.0
2020-04-21,N,밥,멸치국수,오향장육,911.0
2020-04-22,N,밥,나주곰탕,춘천닭갈비,945.0
2020-04-23,N,밥,새우완자탕,고구마치즈돈까스,880.0
2020-04-24,N,밥,대구지리탕,카레닭볶음,639.0
2020-04-27,N,밥,육개장,수원왕갈비,1223.0
2020-04-28,N,건강비빔밥*약고추장,제첩두부국,깻잎전,824.0
2020-04-29,N,새우날치알볶음밥,쌀국수(숙주들어감),장어구이*소스,680.0
2020-05-04,N,밥,버섯들깨국,삼겹살더덕고추장구이,504.0
2020-05-06,N,밥,왕갈비탕,해물전,1254.0
2020-05-07,N,밥,냉메밀소바,히레카츠*소스,959.0
2020-05-08,N,밥,아욱수제비국,해물섞어찜,620.0
2020-05-11,N,밥,돈육김치찌개,냉족발야채무침,1249.0
2020-05-12,N,밥,열무물국수,소갈비찜,968.0
2020-05-13,N,밥,닭개장,떡갈비,844.0
2020-05-14,N,소고기콩나물밥*양념,들깨미역국,바싹불고기*양파초절임,793.0
2020-05-15,N,밥,유부주머니된장국,생선까스*타르,614.0
2020-05-18,N,밥,연두부탕,제육볶음,1141.0
2020-05-19,N,밥,들깨수제비,닭볶음탕,935.0
2020-05-20,N,닭살카레라이스,미역미소시루,후르츠탕수육,791.0
2020-05-21,N,밥,차돌된장찌개,주꾸미볶음,653.0
2020-05-22,N,소불고기덮밥,맑은국,야채비빔만두,512.0
2020-05-25,N,밥,매콤콩나물국,짬뽕불고기,1062.0
2020-05-26,N,밥,시래기국,고추잡채*꽃빵,781.0
2020-05-27,N,곤드레밥*양념장,무채국,꽁치한마리구이,704.0
2020-05-28,N,밥,콩비지찌개,오징어볶음,662.0
2020-05-29,N,마파두부덮밥,유부장국,레몬유린기,450.0
2020-06-01,N,밥,소고기미역국,닭갈비,1114.0
2020-06-02,N,밥,된장찌개,돈육고추장볶음,761.0
2020-06-03,N,열무보리비빔밥/강된장,가쯔오장국,깐풍육,693.0
2020-06-04,N,밥,육개장,소고기장조림,657.0
2020-06-05,N,베이컨김치볶음밥,냉모밀국수,해물부추전,505.0
2020-06-08,N,밥,대구탕,오삼불고기,1130.0
2020-06-09,N,밥,시금치된장국,닭볶음탕,823.0
2020-06-10,N,나물비빔밥,오이사과냉국,치킨핑거,719.0
2020-06-11,N,밥,매운소고기국,굴비구이,682.0
2020-06-12,N,돈육버섯고추장덮밥,팽이무국,양파링카레튀김,516.0
2020-07-01,N,밥,냉모밀국수,매운돈갈비찜,866.0
2020-07-02,N,밥,대파육개장,홍어미나리초무침,675.0
2020-07-03,N,카레라이스,동태알탕,부추고추전*간장,607.0
2020-07-06,N,밥,매운소고기무국,춘천닭갈비,1132.0
2020-07-07,N,밥,물만두국,오리불고기,917.0
2020-07-08,N,밥,한방설렁탕,오징어초무침,847.0
2020-07-09,N,밥,시금치된장국,닭볶음탕,717.0
2020-07-10,N,밥,맑은콩나물국,돈육고추장볶음,611.0
2020-07-13,N,마파두부덮밥,미역미소시루,레몬유린기,1260.0
2020-07-14,N,밥,건새우무채국,쭈꾸미삼겹고추장볶음,814.0
2020-07-15,N,비빔밥*약고추장,콩가루배춧국,열기어구이,842.0
2020-07-16,N,밥,장각삼계탕,해물잡채,971.0
2020-07-17,N,밥,김치우동,수제돈가스*소스,656.0
2020-07-20,N,밥,호박맑은국,돈육김치볶음,1190.0
2020-07-21,N,밥,닭개장,양장피,861.0
2020-07-22,N,밥,아욱국,오리불고기,823.0
2020-07-23,N,밥,소고기미역국,깻잎통닭*치킨소스,758.0
2020-07-24,N,밥,해물수제비국,만가닥버섯불고기,450.0
2020-07-27,N,밥,황태미역국,안동찜닭,1118.0
2020-07-28,N,밥,호박된장찌개,목살스테이크,873.0
2020-07-29,N,밥,우거지국,삼겹살수육,871.0
2020-07-30,N,낙지비빔밥*계란후라이,팽이장국,후라이드*강정소스,704.0
2020-07-31,N,밥,짜글이돼지찌개,새우까스*소스,477.0
2020-08-03,N,밥,김치두부국,오리대패불고기,1033.0
2020-08-04,N,밥,냉이된장국,돈갈비찜,776.0
2020-08-05,N,밥,맑은콩나물국,장어강정,720.0
2020-08-06,N,밥,건새우아욱국,쭈삼불고기,763.0
2020-08-07,N,밥,얼갈이된장국,닭다리바베큐오븐구이,476.0
2020-08-10,N,밥,뼈없는감자탕,생선까스&소스,1011.0
2020-08-11,N,밥,떡국,매운쇠고기버섯볶음,805.0
2020-08-12,N,밥,북어채국,오징어볶음&소면사리,701.0
2020-08-13,N,밥,유부장국,바베큐폭립,594.0
2020-08-14,N,밥,동태탕,살살치킨&칠리소스,477.0
2020-08-18,N,밥,부대찌개,치즈닭갈비,971.0
2020-08-19,N,밥,맑은버섯육개장,매콤해물볶음,801.0
2020-08-20,N,밥,순남시래기국,오리불고기,749.0
2020-08-21,N,밥,어묵국,오향장육,514.0
2020-08-24,N,밥,바지락미역국,콩나물두루치기,1178.0
2020-08-25,N,밥,시금치된장국,카레닭찜,1046.0
2020-08-26,N,밥,나주곰탕,적어구이&양념장,897.0
2020-08-27,N,밥,다슬기아욱국,돈사태김치찜,963.0
2020-08-28,N,밥,순두부찌개,소불고기,784.0
2020-08-31,Y,밥,황태콩나물해장국,시금치프리타타,1243.0
2020-09-01,N,밥,우거지국,매콤돼지갈비찜,1021.0
2020-09-02,Y,밥,냉족발야채무침,부추샐러드*오리엔탈,1006.0
2020-09-03,N,밥,매운계란파국,마파두부,924.0
2020-09-04,N,밥,옹심이만두국,대패삽겹숙주볶음,746.0
2020-09-07,N,밥,아욱된장국,생선까스*소스,1186.0
2020-09-08,N,계란채소볶음밥,짬뽕국,짜장소스,986.0
2020-09-09,N,밥,홍합살미역국,수육*새우젓*쌈장,965.0
2020-09-10,N,밥,돈육김치찌개,수완왕갈비맛통닭,881.0
2020-09-11,Y,밥,잔치국수,순대채소볶음,661.0
2020-09-14,N,밥,배추국,오리고추장불고기,1191.0
2020-09-15,N,밥,순두부찌개,류산슬,855.0
2020-09-16,Y,밥,유부장국,목살찹스테이크,953.0
2020-09-17,N,밥,감자수제비국,쇠고기낙지볶음,797.0
2020-09-18,Y,밥,버섯국,비엔나떡조림,570.0
2020-09-21,N,밥,옹심이만둣국,춘천닭갈비,1176.0
2020-09-22,N,밥,매운콩나물국,돈갈비찜,908.0
2020-09-23,N,밥,갈비탕,오향장육,970.0
2020-09-24,N,밥,북엇국,콩나물파채불고기,739.0
2020-09-25,N,밥,동태탕,닭다리살스테이크,540.0
2020-09-28,N,밥,떡만두국,오리대패불고기,358.0
2020-10-05,N,밥,건새우미역국,매운소불고기,1252.0
2020-10-06,N,단호박카레라이스,통계란꼬치어묵탕,두부강정,977.0
2020-10-07,N,밥,꽃게탕,바베큐장각오븐구이,880.0
2020-10-08,Y,밥,우거지된장국,닭살겨자냉채,923.0
2020-10-12,N,밥,김칫국,훈제오리볶음,1096.0
2020-10-13,N,밥,순남시래기국,장어고추장양념구이,839.0
2020-10-14,Y,밥,두부된장찌개,츄러스채소맛탕,797.0
2020-10-15,Y,밥,홍합살무국,돈갈비양념구이,793.0
2020-10-16,N,밥,매운쇠고기국,갈릭순살치킨,660.0
2020-10-19,N,밥,얼갈이된장국,쭈꾸미삼겹살볶음,1035.0
2020-10-20,N,밥,유부김칫국,치킨까스&소스,851.0
2020-10-21,Y,밥,미역미소시루국,차돌비빔국수,887.0
2020-10-22,N,밥,곤드레밥/찰현미밥,된장찌개,799.0
2020-10-23,N,밥,북엇국,춘천닭갈비,648.0
2020-10-26,N,밥,맑은콩나물국,묵은지닭볶음탕,1069.0
2020-10-27,N,밥,쇠고기미역국,오삼불고기,839.0
2020-10-28,Y,밥,삼계탕,고기완자전,791.0
2020-10-29,Y,밥,깐풍기,감자채볶음,667.0
2020-10-30,N,밥,건새우아욱국,쇠고기숙주볶음,398.0
2020-11-02,Y,밥,돼지김치찌개,당면채소무침,1150.0
2020-11-03,N,밥,동태매운탕,대패삼겹살볶음,810.0
2020-11-04,Y,전주비빔밥,바지락냉이국,찰떡떡갈비조림,789.0
2020-11-05,N,밥,홍합국,쇠고기낙지볶음,596.0
2020-11-06,N,밥,근대된장국,수제탕수육,459.0
2020-11-09,Y,밥,아욱된장국,매운족발볶음,1076.0
2020-11-10,N,밥,미역국,동파육,784.0
2020-11-11,N,밥,한방설렁탕,골뱅이채소무침,747.0
2020-11-12,N,밥,북엇국,해물돼지갈비찜,678.0
2020-11-13,N,밥,시금치된장국,안동찜닭,529.0
2020-11-16,N,밥,호박된장찌개,오리주물럭,1068.0
2020-11-17,N,밥,미소장국,알리오올리오파스타,784.0
2020-11-18,Y,밥,순두부찌개,New)요거닭,774.0
2020-11-19,N,밥,얼갈이된장국,쇠고기당면볶음,653.0
2020-11-20,N,밥,황태채국,제육고추장불고기,747.0
2020-11-23,Y,밥,어묵매운탕,등심돈까스,1292.0
2020-11-24,Y,밥,불낙찌개,코다리강정,1156.0
2020-11-25,N,밥,콩비지김치찌개,해물누룽지탕,1146.0
2020-11-26,Y,밥,조갯살아욱국,돼지간장불고기,1034.0
2020-11-27,N,밥,팽이된장국,오징어볶음,895.0
2020-11-30,N,밥,굴미역국,닭간장조림,1273.0
2020-12-01,N,밥,김치두부국,LA갈비구이,1324.0
2020-12-02,Y,밥,팽이장국,메밀전병,1188.0
2020-12-03,N,밥,된장찌개,오향장육,1059.0
2020-12-04,Y,밥,육개장,갈치감자조림,858.0
2020-12-07,N,밥,유부주머니국,삼겹살김치볶음,1317.0
2020-12-08,N,밥,우거지국,훈제오리마늘볶음,1138.0
2020-12-09,N,밥,호박고추장찌개,만가닥버섯불고기,994.0
2020-12-10,N,밥,북엇국,제육고추장불고기,975.0
2020-12-11,N,밥,근대국,닭다리살스테이크,742.0
2020-12-14,Y,밥,(New)캔꽁치튀김,쫄면채소무침,1329.0
2020-12-15,N,밥,굴떡국,콩나물파채불고기,1202.0
2020-12-16,Y,밥,해물완자전,가자미무조림,1135.0
2020-12-17,Y,밥,(New)탄두리치킨,문어꽈리고추조림,1096.0
2020-12-18,N,밥,동태알탕,수제돈까스&소스,917.0
2020-12-21,N,밥,바지락살무국,오삼불고기,1256.0
2020-12-22,N,밥,매운쇠고기샤브샤브,하와이언함박스테이크,984.0
2020-12-23,Y,밥,건새우아욱국,(New)파프리카계란전,768.0
2020-12-24,Y,호박된장국,오리대패불고기,고등어김치말이찜,591.0
2021-01-04,N,밥,소고기떡국,봉추찜닭,1405.0
2021-01-05,N,밥,유부된장국,돈육도라지고추장볶음,1128.0
2021-01-06,N,밥,오리들깨탕,꽁치한마리레몬구이,1014.0
2021-01-07,N,밥,아욱된장국,목살스테이크,1040.0
2021-01-08,N,밥,콩나물맑은국,매운소고기낙지볶음,726.0
2021-01-11,N,밥,미역국,오리대패불고기,1257.0
2021-01-12,Y,밥,된장찌개,콩나물볶음,963.0
2021-01-13,N,밥,시금치된장국,돈육두루치기,913.0
2021-01-14,N,밥,콩나물김칫국,소갈비찜,1038.0
2021-01-15,N,밥,뼈없는감자탕,고등어구이*와사비장,702.0
2021-01-18,N,밥,어묵국,춘천닭갈비,1277.0
2021-01-19,N,밥,맑은콩나물국,삼겹살김치찜,1038.0
2021-01-20,N,밥,아욱국,수제함박스테이크,1093.0
2021-01-21,N,밥,냉이된장국,동파육,832.0
2021-01-22,N,전주비빔밥*약고추장,계란파국,요거닭,579.0
2021-01-25,N,밥,전주식콩나물해장국,돈육간장불고기,1145.0
2021-01-26,N,밥,들깨미역국,교촌간장치킨,1015.0
